{"intervalSeconds":20,"results":{"0":{"average":0.32972972972972975,"lengthSection":37,"countNoSamples":37},"1":{"average":0.25853658536585367,"lengthSection":41,"countNoSamples":78},"2":{"average":0.24166666666666656,"lengthSection":48,"countNoSamples":126},"3":{"average":0.20000000000000012,"lengthSection":39,"countNoSamples":165},"4":{"average":0.20000000000000004,"lengthSection":42,"countNoSamples":207},"5":{"average":0.19999999999999998,"lengthSection":46,"countNoSamples":253},"6":{"average":0.20000000000000004,"lengthSection":42,"countNoSamples":295},"7":{"average":0.20000000000000007,"lengthSection":41,"countNoSamples":336},"8":{"average":0.35135135135135126,"lengthSection":74,"countNoSamples":410},"9":{"average":0.34117647058823514,"lengthSection":68,"countNoSamples":478},"10":{"average":0.3787500000000004,"lengthSection":160,"countNoSamples":638},"11":{"average":0.43352601156069415,"lengthSection":173,"countNoSamples":811},"12":{"average":0.31853448275862084,"lengthSection":116,"countNoSamples":927},"13":{"average":0.3842592592592593,"lengthSection":54,"countNoSamples":981},"14":{"average":0.36666666666666653,"lengthSection":48,"countNoSamples":1029},"15":{"average":0.41020408163265293,"lengthSection":49,"countNoSamples":1078},"16":{"average":0.3839285714285713,"lengthSection":56,"countNoSamples":1134},"17":{"average":0.3322222222222222,"lengthSection":45,"countNoSamples":1179},"18":{"average":0.42051282051282046,"lengthSection":39,"countNoSamples":1218},"19":{"average":0.425,"lengthSection":32,"countNoSamples":1250},"20":{"average":0.47499999999999987,"lengthSection":44,"countNoSamples":1294},"21":{"average":0.44637681159420295,"lengthSection":69,"countNoSamples":1363},"22":{"average":0.3679611650485438,"lengthSection":103,"countNoSamples":1466},"23":{"average":0.36307692307692296,"lengthSection":65,"countNoSamples":1531},"24":{"average":0.3018656716417919,"lengthSection":268,"countNoSamples":1799},"25":{"average":0.25085024684585694,"lengthSection":1823,"countNoSamples":3622},"26":{"average":0.2624945770065078,"lengthSection":2305,"countNoSamples":5927},"27":{"average":0.2842908438061041,"lengthSection":557,"countNoSamples":6484},"28":{"average":0.26879629629629637,"lengthSection":540,"countNoSamples":7024},"29":{"average":0.25976095617529943,"lengthSection":502,"countNoSamples":7526},"30":{"average":0.2891969407265772,"lengthSection":523,"countNoSamples":8049},"31":{"average":0.2898,"lengthSection":500,"countNoSamples":8549},"32":{"average":0.2625226860254087,"lengthSection":551,"countNoSamples":9100},"33":{"average":0.25501893939393994,"lengthSection":528,"countNoSamples":9628},"34":{"average":0.2705882352941178,"lengthSection":544,"countNoSamples":10172},"35":{"average":0.26602564102564147,"lengthSection":546,"countNoSamples":10718},"36":{"average":0.2832692307692307,"lengthSection":520,"countNoSamples":11238},"37":{"average":0.2879341864716637,"lengthSection":547,"countNoSamples":11785},"38":{"average":0.24279513888888907,"lengthSection":576,"countNoSamples":12361},"39":{"average":0.26717305151915405,"lengthSection":757,"countNoSamples":13118},"40":{"average":0.27031382527565606,"lengthSection":1179,"countNoSamples":14297},"41":{"average":0.2649280575539553,"lengthSection":1112,"countNoSamples":15409},"42":{"average":0.27119565217391306,"lengthSection":644,"countNoSamples":16053},"43":{"average":0.2521028037383173,"lengthSection":642,"countNoSamples":16695},"44":{"average":0.2708754208754207,"lengthSection":594,"countNoSamples":17289},"45":{"average":0.2574742268041238,"lengthSection":582,"countNoSamples":17871},"46":{"average":0.2681978798586573,"lengthSection":566,"countNoSamples":18437},"47":{"average":0.2558536585365853,"lengthSection":615,"countNoSamples":19052},"48":{"average":0.2638798701298699,"lengthSection":616,"countNoSamples":19668},"49":{"average":0.2686067019400354,"lengthSection":567,"countNoSamples":20235},"50":{"average":0.2718801996672211,"lengthSection":601,"countNoSamples":20836},"51":{"average":0.25498220640569397,"lengthSection":562,"countNoSamples":21398},"52":{"average":0.26372727272727287,"lengthSection":550,"countNoSamples":21948},"53":{"average":0.2757741347905284,"lengthSection":549,"countNoSamples":22497},"54":{"average":0.2585042219541612,"lengthSection":829,"countNoSamples":23326},"55":{"average":0.2651871192341152,"lengthSection":1149,"countNoSamples":24475},"56":{"average":0.26564685314685205,"lengthSection":1144,"countNoSamples":25619},"57":{"average":0.25235772357723585,"lengthSection":615,"countNoSamples":26234},"58":{"average":0.26432481751824816,"lengthSection":548,"countNoSamples":26782},"59":{"average":0.25817391304347853,"lengthSection":575,"countNoSamples":27357}}}